,x,Include?,Merges?
1,ability,T,0
2,able,T,0
3,absence,T,0
4,abstract,T,0
5,abstraction,T,0
6,academic,T,0
7,access,T,0
8,accessible,T,0
9,accommodate,T,0
10,accomplish,T,0
11,according,T,0
12,account,T,0
13,accounted,T,account
14,accounting,T,0
15,accumulating,T,0
16,accuracy,T,0
17,accurate,T,accuracy
18,achieve,T,0
19,achieved,T,achieve
20,achievement,T,achieve
21,achieving,T,achieve
22,acknowledge,T,0
23,acquire,T,0
24,acquired,T,acquire
25,acquisition,T,acquire
26,acting,T,0
27,action,T,0
28,activate,T,0
29,activated,T,activate
30,activation,T,activate
31,active,T,0
32,activity,T,0
33,actor,T,0
34,actual,T,0
35,adapt,T,0
36,adaptation,T,adapt
37,adapted,T,adapt
38,adaptive,T,adapt
39,added,T,0
40,addition,T,0
41,additional,T,0
42,address,F,0
43,addressed,F,0
44,addressing,F,0
45,adequate,T,0
46,adjustment,T,0
47,adopt,T,0
48,adopting,T,adopt
49,adult,T,0
50,advance,T,0
51,advanced,T,advance
52,advantage,T,0
53,advocate,T,0
54,affect,T,0
55,affected,T,affect
56,affective,T,affect
57,affordance,T,0
58,affordances,T,affordance
59,agency,T,0
60,agent,T,0
61,agreement,T,0
62,aimed,T,0
63,algorithm,T,0
64,allow,T,0
65,allowing,T,allow
66,allows,T,allow
67,alternative,T,0
68,ambiguous,T,0
69,amount,T,0
70,amplitude,T,0
71,analogical,T,analogy
72,analogous,T,analogy
73,analogy,T,0
74,analysis,T,0
75,analytic,T,0
76,analyze,T,0
77,analyzed,T,analyze
78,analyzing,T,analyze
79,anatomical,T,0
80,anderson,T,0
81,andor,T,0
82,animal,T,0
83,animalenvironment,T,0
84,anotb,T,0
85,answer,T,0
86,anterior,T,0
87,anticipatory,T,0
88,apparent,T,0
89,appeal,T,0
90,appealing,T,appeal
91,appear,T,0
92,appearance,T,appear
93,appears,T,appear
94,application,T,0
95,applied,T,apply
96,applies,T,apply
97,apply,T,0
98,applying,T,apply
99,approach,T,0
100,approached,T,approach
101,appropriate,T,0
102,approximate,T,0
103,approximation,T,0
104,arbitrary,T,0
105,architectural,T,architecture
106,architecture,T,0
107,area,T,0
108,argue,F,0
109,argued,F,0
110,argues,F,0
111,arguing,F,0
112,argument,F,0
113,arise,T,0
114,arises,T,arise
115,arising,T,arise
116,arousal,T,0
117,array,T,0
118,artefact,T,0
119,article,F,0
120,articulate,T,0
121,artifact,T,0
122,artificial,T,0
123,aspect,T,0
124,assessed,F,0
125,assessing,F,0
126,assessment,F,0
127,assigned,T,0
128,associate,T,0
129,associated,T,associate
130,association,T,associate
131,associative,T,associate
132,assume,F,0
133,assumed,F,0
134,assumes,F,0
135,assuming,F,0
136,assumption,F,0
137,asymmetry,T,0
138,asynchrony,T,0
139,attempt,T,0
140,attempted,T,attempt
141,attention,T,0
142,attentional,T,attention
143,attitude,T,0
144,attracted,T,0
145,attractor,T,0
146,attribute,T,0
147,attributed,T,attribute
148,attributing,T,attribute
149,auditory,T,0
150,augmented,T,0
151,author,F,0
152,autism,T,0
153,automatic,T,0
154,automaton,T,0
155,autonomous,T,autonomy
156,autonomy,T,0
157,autopoietic,T,0
158,available,T,0
159,average,T,0
160,avoid,T,0
161,awareness,T,0
162,background,T,0
163,balance,T,0
164,basal,T,0
165,base,T,0
166,based,T,base
167,basic,T,0
168,basis,T,0
169,bayes,T,0
170,bear,T,0
171,become,T,0
172,becomes,T,become
173,been,F,0
174,begin,T,0
175,beginning,T,0
176,begun,F,0
177,behave,T,behavior
178,behavior,T,0
179,behavioral,T,behavior
180,behaviour,T,behavior
181,behavioural,T,behavior
182,being,F,0
183,belief,T,0
184,believe,T,belief
185,benchmark,T,0
186,beneficial,T,benefit
187,benefit,T,0
188,best,T,0
189,better,T,0
190,bias,T,0
191,bifurcation,T,0
192,binding,T,0
193,biological,T,biology
194,biology,T,0
195,block,T,0
196,blood,T,0
197,bodily,T,body
198,body,T,0
199,bold,T,0
200,book,F,0
201,bottomup,T,0
202,boundary,T,0
203,brain,T,0
204,bridge,T,0
205,brief,F,0
206,briefly,F,0
207,bring,T,0
208,bringing,T,bring
209,broad,T,0
210,broader,T,broad
211,build,T,0
212,building,T,build
213,built,T,build
214,call,F,0
215,called,F,0
216,cambridge,F,0
217,candidate,T,0
218,capability,T,capable
219,capable,T,0
220,capacity,T,0
221,capture,T,0
222,captured,T,capture
223,care,T,0
224,carlo,T,0
225,carried,T,carry
226,carry,T,0
227,cascaded,T,0
228,case,T,0
229,categorization,T,category
230,category,T,0
231,causal,T,0
232,cause,T,0
233,caused,T,cause
234,cell,T,0
235,center,T,0
236,central,T,0
237,century,T,0
238,cerebral,T,0
239,certain,T,0
240,challenge,T,0
241,challenged,T,challenge
242,challenging,T,challenge
243,change,T,0
244,changed,T,change
245,changing,T,change
246,chapter,F,0
247,character,T,0
248,characteristic,T,0
249,characterization,T,characterize
250,characterize,T,0
251,characterized,T,characterize
252,characterizes,T,characterize
253,child,T,0
254,childhood,T,child
255,choice,T,0
256,choose,T,0
257,chunk,T,0
258,cingulate,T,0
259,circuit,T,0
260,circuitry,T,circuit
261,circumstance,T,0
262,claim,F,0
263,claimed,F,0
264,clarify,T,0
265,clark,T,0
266,class,T,0
267,classic,T,0
268,classical,T,classic
269,classification,T,0
270,clear,T,0
271,clinical,T,0
272,clinician,T,0
273,close,T,0
274,closedloop,T,0
275,closer,T,0
276,cluster,T,0
277,code,T,0
278,coding,T,0
279,cognition,T,0
280,cognitive,T,0
281,cognitivism,T,0
282,cognitivist,T,cognitivism
283,cohen,T,0
284,coherent,T,0
285,collaboration,T,0
286,collaborative,T,collaboration
287,collected,T,collection
288,collection,T,0
289,collective,T,0
290,color,T,0
291,combination,T,combine
292,combine,T,0
293,combined,T,combine
294,come,T,0
295,commitment,T,0
296,common,T,0
297,communication,T,0
298,communicative,T,communication
299,community,T,0
300,comparative,T,0
301,compare,T,0
302,compared,T,compare
303,comparing,T,compare
304,comparison,T,compare
305,compatible,T,0
306,competence,T,0
307,competing,T,competition
308,competition,T,0
309,complementary,T,0
310,complete,T,0
311,complex,T,0
312,complexity,T,complex
313,component,T,0
314,composed,T,0
315,comprehension,T,0
316,comprehensive,T,0
317,computation,T,0
318,computer,T,0
319,computing,T,0
320,conceive,T,0
321,conceived,T,conceive
322,concept,T,0
323,conception,T,0
324,conceptual,T,concept
325,conceptualization,T,concept
326,concern,T,0
327,concerned,T,concern
328,concerning,T,concern
329,conclude,F,0
330,concluded,F,0
331,concludes,F,0
332,conclusion,F,0
333,concrete,T,0
334,concurrent,T,0
335,condition,T,0
336,conditional,T,0
337,conduct,T,0
338,conducted,T,0
339,configuration,T,0
340,confirmed,T,0
341,conflict,T,0
342,conjunction,T,0
343,connection,T,0
344,connectionist,F,0
345,connectivity,T,0
346,conscious,T,consciousness
347,consciousness,T,0
348,consensus,T,0
349,consequence,T,0
350,consider,T,0
351,considerable,T,0
352,consideration,T,consider
353,considered,T,consider
354,considering,T,consider
355,considers,T,consider
356,consistency,T,consistent
357,consistent,T,0
358,consists,T,0
359,constant,T,0
360,constituent,T,0
361,constitute,T,0
362,constituted,T,constitute
363,constitutive,T,0
364,constrain,T,0
365,constrained,T,constrain
366,constraint,T,constrain
367,construct,T,0
368,constructed,T,construct
369,constructing,T,construct
370,construction,T,construct
371,constructive,T,0
372,constructivism,T,0
373,constructivist,T,constructivism
374,construed,T,0
375,contact,T,0
376,containing,T,0
377,contemporary,T,0
378,content,T,0
379,context,T,0
380,contextual,T,context
381,contingency,T,0
382,continue,T,0
383,continued,T,continue
384,continues,T,continue
385,continuity,T,0
386,continuous,T,continuity
387,continuum,T,0
388,contradictory,T,0
389,contrary,T,0
390,contrast,T,0
391,contrasted,T,contrast
392,contrasting,T,contrast
393,contribute,T,0
394,contributes,T,contribute
395,contribution,T,contribute
396,control,T,0
397,controlled,T,0
398,controlling,T,0
399,conventional,T,0
400,converge,T,0
401,conversation,T,0
402,cooperative,T,0
403,coordinate,T,0
404,coordinated,T,coordinate
405,coordination,T,coordinate
406,core,T,0
407,corpus,T,0
408,correct,T,0
409,correlate,T,0
410,correlated,T,correlate
411,correlation,T,correlate
412,correspond,T,0
413,correspondence,T,correspond
414,corresponding,T,correspond
415,cortex,T,0
416,cortical,T,cortex
417,cost,T,0
418,counter,T,0
419,coupled,T,coupling
420,coupling,T,0
421,course,T,0
422,create,T,0
423,created,T,create
424,creating,T,create
425,creation,T,create
426,creative,T,0
427,creativity,T,creative
428,criterion,T,0
429,critic,T,0
430,critical,T,0
431,criticism,T,0
432,critique,T,criticism
433,crucial,T,0
434,cultural,T,culture
435,culture,T,0
436,cumulative,T,0
437,current,T,0
438,curve,T,0
439,cycle,T,0
440,damage,T,0
441,data,T,0
442,database,T,0
443,datasets,T,0
444,date,T,0
445,deal,T,0
446,dealing,T,0
447,debate,T,0
448,decade,T,0
449,decay,T,0
450,decision,T,0
451,decisionmaking,T,0
452,declarative,T,0
453,decreased,T,0
454,dedicated,T,0
455,deep,T,0
456,default,T,0
457,defend,T,0
458,deficit,T,0
459,define,T,0
460,defined,T,define
461,definition,T,define
462,degradation,T,0
463,degree,T,0
464,delay,T,0
465,demand,T,0
466,demanding,T,demand
467,demonstrate,T,0
468,demonstrated,T,demonstrate
469,demonstrates,T,demonstrate
470,demonstrating,T,demonstrate
471,demonstration,T,demonstrate
472,deny,T,0
473,depend,T,0
474,dependence,T,depend
475,dependency,T,depend
476,dependent,T,depend
477,depending,F,0
478,depends,T,depend
479,depth,T,0
480,derive,T,0
481,derived,T,derive
482,deriving,T,derive
483,describe,T,0
484,described,T,describe
485,describes,T,describe
486,describing,T,describe
487,description,T,0
488,descriptive,T,description
489,design,T,0
490,designed,T,design
491,designer,T,design
492,detail,T,0
493,detailed,T,detail
494,detect,T,0
495,detection,T,detect
496,determine,T,0
497,determined,T,determine
498,determining,T,determine
499,develop,T,0
500,developed,T,develop
501,developing,T,develop
502,development,T,development
503,developmental,T,development
504,develops,T,develop
505,deviation,T,0
506,device,T,0
507,dialogical,T,0
508,dichotomy,T,0
509,differ,T,0
510,differed,T,differ
511,difference,T,0
512,different,T,difference
513,differential,T,0
514,differing,T,differ
515,difficult,T,0
516,difficulty,T,difficult
517,digital,T,0
518,dimension,T,0
519,direct,T,0
520,direction,T,0
521,discipline,T,0
522,discourse,T,0
523,discover,T,0
524,discovered,T,discover
525,discovery,T,discover
526,discrete,T,0
527,discriminate,T,0
528,discus,T,0
529,discussed,T,discussion
530,discussing,T,discussion
531,discussion,T,0
532,disease,T,0
533,disorder,T,0
534,disparate,T,0
535,display,T,0
536,dissociation,T,0
537,distinct,T,0
538,distinction,T,0
539,distinctive,T,0
540,distinguish,T,0
541,distinguished,T,distinguish
542,distribution,T,0
543,disturbance,T,0
544,diverse,T,0
545,document,F,0
546,doing,F,0
547,domain,T,0
548,domaingeneral,T,0
549,domainpecific,T,0
550,dominant,T,0
551,done,F,0
552,dopamine,T,0
553,double,T,0
554,draw,T,0
555,drawing,T,draw
556,drawn,T,draw
557,drive,T,0
558,driven,T,drive
559,driving,T,drive
560,dual,T,0
561,dualroute,T,0
562,duration,T,0
563,dyad,T,0
564,dynamic,T,0
565,dysfunction,T,0
566,earlier,T,early
567,early,T,0
568,easy,T,0
569,ecology,T,0
570,education,T,0
571,educational,T,education
572,effect,T,0
573,effective,T,0
574,efficiency,T,efficient
575,efficient,T,0
576,effort,T,0
577,elaborate,T,0
578,elaboration,T,elaborate
579,electronic,T,0
580,electrophysiological,T,0
581,element,T,0
582,elicited,T,0
583,eliminated,T,0
584,elsevier,F,0
585,embedded,T,0
586,embodies,T,0
587,embodiment,T,0
588,embody,T,embodiment
589,emerge,T,0
590,emerged,T,emerge
591,emergence,T,emerge
592,emergency,T,emerge
593,emergent,T,emerge
594,emerges,T,emerge
595,emerging,T,emerge
596,emotion,T,0
597,emotional,T,emotion
598,emphasis,T,0
599,emphasize,T,emphasis
600,emphasized,T,emphasis
601,emphasizes,T,emphasis
602,emphasizing,T,emphasis
603,empirical,T,0
604,employ,T,0
605,employed,T,employ
606,enable,T,0
607,enabled,T,enable
608,enables,T,enable
609,enabling,T,enable
610,enactivism,F,0
611,encode,T,0
612,encoded,T,encode
613,encoding,T,encode
614,encompassing,T,0
615,encountered,T,0
616,energy,T,0
617,engage,T,0
618,engaged,T,engage
619,engagement,T,engage
620,engineering,T,0
621,english,T,0
622,enhance,T,0
623,enhanced,T,enhance
624,entail,T,0
625,entity,T,0
626,entry,T,0
627,environment,T,0
628,environmental,T,environment
629,epic,T,0
630,epistemic,T,epistemological
631,epistemological,T,0
632,equation,T,0
633,equivalent,T,0
634,error,T,0
635,essay,T,0
636,essential,T,0
637,establish,T,0
638,established,T,establish
639,estimate,T,0
640,estimation,T,estimate
641,ethnographic,T,0
642,evaluate,T,0
643,evaluated,T,evaluate
644,evaluates,T,evaluate
645,evaluating,T,evaluate
646,evaluation,T,evaluate
647,event,T,0
648,eventrelated,T,0
649,everyday,T,0
650,evidence,T,0
651,evolution,T,0
652,evolutionary,T,evolution
653,evolved,T,evolution
654,evolving,T,evolution
655,examine,T,0
656,examined,T,examine
657,examines,T,examine
658,examining,T,examine
659,example,T,0
660,exception,T,0
661,exchange,T,0
662,exciting,T,0
663,execution,T,0
664,executive,T,0
665,exemplar,T,0
666,exemplify,T,0
667,exercise,T,0
668,exhibit,T,0
669,exhibited,T,exhibit
670,exist,T,0
671,existence,T,exist
672,existing,T,exist
673,expectation,T,0
674,expected,T,expectation
675,experience,T,0
676,experienced,T,experience
677,experiential,T,experience
678,experiment,T,0
679,experimental,T,experiment
680,expert,T,0
681,expertise,T,expert
682,explain,T,0
683,explained,T,explain
684,explaining,T,explain
685,explains,T,explain
686,explanation,T,explain
687,explanatory,T,explain
688,explicit,T,0
689,exploit,T,0
690,exploration,T,explore
691,explore,T,0
692,explored,T,explore
693,explores,T,explore
694,exploring,T,explore
695,exposed,T,0
696,expressed,T,expression
697,expression,T,0
698,extend,T,0
699,extended,T,extend
700,extending,T,extend
701,extends,T,extend
702,extension,T,extend
703,extensive,T,0
704,extent,T,0
705,external,T,0
706,face,T,0
707,facial,T,face
708,facilitate,T,0
709,facilitated,T,facilitate
710,facilitation,T,facilitate
711,fact,T,0
712,factor,T,0
713,fail,T,0
714,failed,T,fail
715,fails,T,fail
716,failure,T,fail
717,FALSE,T,0
718,familiar,T,0
719,fashion,T,0
720,fast,T,0
721,faster,T,fast
722,favor,T,0
723,feasibility,T,0
724,feature,T,0
725,feedback,T,0
726,feedforward,T,0
727,feeling,T,0
728,field,T,0
729,filter,T,0
730,final,T,0
731,find,T,0
732,finding,T,0
733,finger,T,0
734,first,T,0
735,fitting,T,0
736,fixed,T,0
737,flexibility,T,flexible
738,flexible,T,0
739,flow,T,0
740,fluctuating,T,0
741,fmri,T,0
742,focus,T,0
743,focused,T,focus
744,focusing,T,focus
745,follow,T,0
746,followed,T,follow
747,following,T,follow
748,follows,T,follow
749,force,T,0
750,form,T,0
751,formal,T,0
752,formalized,T,formal
753,format,T,0
754,formation,T,0
755,formed,T,0
756,former,T,0
757,forming,T,0
758,formulated,T,formulation
759,formulation,T,0
760,forward,T,0
761,foster,T,0
762,found,T,0
763,foundation,T,0
764,fourth,T,0
765,frame,T,0
766,framework,T,0
767,framing,T,0
768,free,T,0
769,frequency,T,0
770,frequent,T,0
771,frontal,T,0
772,frugal,T,0
773,full,T,0
774,function.,T,functionality
775,functional,T,functional
776,functionalist,T,functional
777,functionality,T,functional
778,functioning,T,0
779,fundamental,T,0
780,further,F,0
781,furthermore,F,0
782,future,T,0
783,gain,T,0
784,game,T,0
785,ganglion,T,0
786,gaze,T,0
787,general,T,0
788,generality,T,general
789,generalization,T,generalize
790,generalize,T,0
791,generalized,T,generalize
792,generalpurpose,T,0
793,generate,T,0
794,generated,T,generate
795,generates,T,generate
796,generating,T,generate
797,generation,T,generate
798,generative,T,0
799,genuine,T,0
800,gestural,T,0
801,gesture,T,0
802,gibson,T,0
803,gibsonian,T,gibson
804,give,T,0
805,given,T,give
806,global,T,0
807,goal,T,0
808,goaldirected,T,0
809,good,T,0
810,grammar,T,0
811,grammatical,T,grammar
812,graphical,T,0
813,great,T,0
814,greater,T,great
815,ground,T,0
816,grounded,T,ground
817,grounding,T,ground
818,group,T,0
819,grouping,T,group
820,growing,T,growth
821,growth,T,0
822,guidance,T,guide
823,guide,T,0
824,guided,T,guide
825,guideline,T,0
826,guiding,T,guide
827,gyrus,T,0
828,hand,T,0
829,hard,T,0
830,have,T,0
831,having,T,have
832,head,T,0
833,health,T,0
834,healthcare,T,0
835,healthy,T,health
836,heart,T,0
837,held,T,0
838,help,T,0
839,helpful,T,help
840,hence,F,0
841,heuristic,T,0
842,hidden,T,0
843,hierarchical,T,hierarchy
844,hierarchy,T,0
845,high,T,0
846,higher,T,high
847,higherlevel,T,highlevel
848,higherorder,T,0
849,highlevel,T,0
850,highlight,T,0
851,highlighted,T,highlight
852,highlighting,T,highlight
853,hippocampal,T,0
854,historical,T,history
855,history,T,0
856,hodges,T,0
857,hold,T,0
858,hope,T,0
859,human,T,0
860,humancomputer,T,0
861,hybrid,T,0
862,hypothesis,T,0
863,hypothesized,T,hypothesis
864,idea,T,0
865,ideal,T,0
866,identical,T,0
867,identification,T,0
868,identified,T,identify
869,identifies,T,identify
870,identify,T,0
871,identifying,T,identify
872,identity,T,0
873,illustrate,T,0
874,illustrated,T,illustrate
875,illustrates,T,illustrate
876,image,T,0
877,imaging,T,image
878,immediate,T,0
879,impact,T,0
880,impaired,T,impairment
881,impairment,T,0
882,implement,T,0
883,implementation,T,implement
884,implemented,T,implement
885,implementing,T,implement
886,implication,T,0
887,implicit,T,0
888,implies,F,0
889,importance,T,0
890,important,T,importance
891,improve,T,0
892,improved,T,improve
893,improvement,T,improve
894,inadequate,T,0
895,include,T,0
896,included,T,include
897,includes,T,include
898,including,T,include
899,inconsistent,T,0
900,incorporate,T,0
901,incorporated,T,incorporate
902,incorporation,T,incorporate
903,increase,T,0
904,increased,T,increase
905,increasing,T,increase
906,incremental,T,0
907,independent,T,0
908,indicate,T,0
909,indicated,T,indicate
910,indicates,T,indicate
911,indicating,T,indicate
912,indicator,T,0
913,individual,T,0
914,induced,T,0
915,induction,T,0
916,inductive,T,0
917,infancy,T,infant
918,infant,T,0
919,infer,T,inference
920,inference,T,0
921,inferential,T,inference
922,inferior,T,0
923,inferred,T,inference
924,influence,T,0
925,influenced,T,influence
926,influential,T,influence
927,inform,T,0
928,information,T,0
929,informational,T,information
930,informationprocessing,T,0
931,inherent,T,0
932,inhibition,T,0
933,inhibitory,T,inhibition
934,initial,T,0
935,innate,T,0
936,inner,T,0
937,innovative,T,0
938,input,T,0
939,insight,T,0
940,inspired,T,0
941,instability,T,0
942,instance,T,0
943,instantiate,T,instance
944,instruction,T,0
945,instructional,T,instruction
946,insufficient,T,0
947,integral,T,0
948,integrate,T,0
949,integrated,T,integrate
950,integrates,T,integrate
951,integrating,T,integrate
952,integration,T,integrate
953,integrative,T,integrate
954,intellectual,T,0
955,intelligence,T,0
956,intelligent,T,intelligence
957,intended,T,0
958,intensive,T,0
959,intention,T,0
960,intentional,T,intention
961,intentionality,T,intention
962,interact,T,interaction
963,interacting,T,interaction
964,interaction,T,0
965,interactive,T,interaction
966,interactivity,T,interaction
967,interacts,T,interaction
968,interdisciplinary,T,0
969,interest,T,0
970,interested,T,interest
971,interesting,T,interest
972,interface,T,0
973,interference,T,0
974,intermediate,T,0
975,internal,T,0
976,interpersonal,T,0
977,interplay,T,0
978,interpret,T,0
979,interpretation,T,interpret
980,interpreted,T,interpret
981,interrelated,T,0
982,intersubjectivity,T,0
983,interval,T,0
984,intervention,T,0
985,interview,T,0
986,intrinsic,T,0
987,introduce,T,0
988,introduced,T,introduce
989,introduces,T,introduce
990,introduction,F,0
991,intuition,T,0
992,invariant,T,0
993,inverse,T,0
994,investigate,F,0
995,investigated,F,0
996,investigating,F,0
997,investigation,F,0
998,involve,T,0
999,involved,T,involve
1000,involvement,T,involve
1001,involves,T,involve
1002,involving,T,involve
1003,irregular,T,0
1004,irrelevant,T,0
1005,isolated,T,isolation
1006,isolation,T,0
1007,issue,T,0
1008,item,T,0
1009,james,T,0
1010,joint,T,0
1011,journal,T,0
1012,judgment,T,0
1013,justice,T,0
1014,kind,T,0
1015,know,T,knowledge
1016,knowing,T,knowledge
1017,knowledge,T,0
1018,known,T,knowledge
1019,label,T,0
1020,laboratory,T,0
1021,lack,T,0
1022,language,T,0
1023,large,T,0
1024,largecale,T,0
1025,larger,T,large
1026,last,T,0
1027,latency,T,latent
1028,latent,T,0
1029,lateral,T,0
1030,latter,T,0
1031,layer,T,0
1032,lead,T,0
1033,leading,T,lead
1034,learn,T,0
1035,learned,T,learn
1036,learner,T,learn
1037,learning,T,learn
1038,learns,T,learn
1039,least,T,0
1040,lebiere,T,0
1041,left,T,0
1042,length,T,0
1043,lens,T,0
1044,lesion,T,0
1045,letter,T,0
1046,level,T,0
1047,lexical,T,0
1048,lexicon,T,0
1049,life,T,0
1050,light,T,0
1051,likely,T,0
1052,limit,T,0
1053,limitation,T,limit
1054,limited,T,limit
1055,line,T,0
1056,linear,T,0
1057,linguistic,T,0
1058,linguistics,T,linguistic
1059,link,T,0
1060,linkage,T,link
1061,linked,T,link
1062,linking,T,link
1063,list,T,0
1064,literature,T,0
1065,little,T,0
1066,lived,T,0
1067,living,T,0
1068,load,T,0
1069,lobe,T,0
1070,local,T,0
1071,localization,T,local
1072,location,T,0
1073,logical,T,0
1074,long,T,0
1075,longer,T,0
1076,longitudinal,T,0
1077,longterm,T,0
1078,look,T,0
1079,looking,T,look
1080,loop,T,0
1081,loss,T,0
1082,lower,T,0
1083,lowfrequency,T,0
1084,lowlevel,T,0
1085,machine,T,0
1086,made,T,0
1087,magnetic,T,0
1088,magnitude,T,0
1089,main,T,0
1090,mainstream,T,0
1091,maintain,T,0
1092,maintenance,T,maintain
1093,major,T,0
1094,majority,T,0
1095,make,T,0
1096,making,T,make
1097,manage,T,0
1098,manifestation,T,0
1099,manipulated,T,manipulation
1100,manipulation,T,0
1101,manner,T,0
1102,manual,T,0
1103,many,T,0
1104,mapping,T,0
1105,mark,T,0
1106,match,T,0
1107,matched,T,match
1108,matching,T,match
1109,material,T,0
1110,mathematical,T,0
1111,matter,T,0
1112,maturana,T,0
1113,mcclelland,T,0
1114,mean,T,0
1115,meaning,T,0
1116,meaningful,T,meaning
1117,meant,T,0
1118,measure,T,0
1119,measured,T,measurement
1120,measurement,T,0
1121,mechanism,T,0
1122,mechanistic,T,mechanism
1123,medial,T,0
1124,mediated,T,0
1125,medical,T,0
1126,medium,T,0
1127,member,T,0
1128,memory,T,0
1129,mental,T,0
1130,mere,T,0
1131,merit,T,0
1132,metaphor,T,0
1133,method,T,methodology
1134,methodological,T,0
1135,methodology,T,methodology
1136,middle,T,0
1137,mind,T,0
1138,minimal,T,0
1139,minimize,T,minimal
1140,minimum,T,minimal
1141,minor,T,0
1142,mirror,T,0
1143,missing,T,0
1144,mixed,T,0
1145,mixture,T,0
1146,mobile,T,0
1147,modality,T,0
1148,mode,T,0
1149,model,T,0
1150,modeled,T,model
1151,modeling,T,model
1152,modelling,T,model
1153,modern,T,0
1154,modification,T,modify
1155,modified,T,modify
1156,modify,T,0
1157,modular,T,module
1158,modularity,T,module
1159,modulate,T,0
1160,modulated,T,modulate
1161,modulating,T,modulate
1162,modulation,T,modulate
1163,module,T,0
1164,monitoring,T,0
1165,monkey,T,0
1166,monte,T,0
1167,month,T,0
1168,moral,T,0
1169,more,T,0
1170,moreover,F,0
1171,morphological,T,morphology
1172,morphology,T,0
1173,most,T,0
1174,motion,T,0
1175,motivated,T,motivation
1176,motivation,T,0
1177,motor,T,0
1178,move,T,movement
1179,movement,T,0
1180,moving,T,movement
1181,much,T,0
1182,multidimensional,T,0
1183,multimodal,T,0
1184,multiple,T,0
1185,multitasking,T,0
1186,muscle,T,0
1187,music,T,0
1188,musical,T,music
1189,mutual,T,0
1190,name,T,0
1191,naming,T,name
1192,natural,T,nature
1193,naturalistic,T,nature
1194,nature,T,0
1195,navigation,T,0
1196,necessary,T,0
1197,need,T,0
1198,needed,T,need
1199,negative,T,0
1200,neglect,T,0
1201,nervous,T,0
1202,network,T,0
1203,neural,T,0
1204,neurobiological,T,0
1205,neuroimaging,T,0
1206,neuron,T,0
1207,neuronal,T,neuron
1208,neurophysiological,T,0
1209,neuropsychological,T,neuropsychology
1210,neuropsychology,T,0
1211,neuroscience,T,0
1212,neuroscientific,T,neuroscience
1213,neuroscientist,T,neuroscience
1214,next.,F,0
1215,niche,T,0
1216,node,T,0
1217,noise,T,0
1218,noisy,T,noise
1219,nonhuman,T,0
1220,nonlinear,T,0
1221,nonword,T,0
1222,nonwords,T,nonword
1223,norm,T,0
1224,normal,T,0
1225,normative,T,0
1226,note,T,0
1227,notion,T,0
1228,novel,T,0
1229,null,T,0
1230,number,T,0
1231,numerical,T,number
1232,numerous,T,0
1233,nurse,T,0
1234,object,T,0
1235,objection,T,0
1236,objective,T,0
1237,observation,T,observe
1238,observe,T,0
1239,observed,T,observe
1240,observer,T,observe
1241,observing,T,observe
1242,obstacle,T,0
1243,obtained,T,0
1244,occur,T,0
1245,occurring,T,occur
1246,occurs,T,occur
1247,ocial,T,0
1248,offer,T,0
1249,offered,T,offer
1250,ongoing,T,0
1251,online,T,0
1252,onset,T,0
1253,ontogenetic,T,0
1254,ontological,T,ontology
1255,ontology,T,0
1256,open,T,0
1257,operate,T,0
1258,operates,T,operate
1259,operating,T,operate
1260,operation,T,operate
1261,operational,T,operate
1262,operator,T,0
1263,opportunity,T,0
1264,opposite,T,0
1265,optimal,T,0
1266,optimality,T,optimal
1267,order,T,0
1268,organism,T,0
1269,organization,T,0
1270,organizational,T,organization
1271,organized,T,organization
1272,orientation,T,0
1273,oriented,T,orientation
1274,orienting,T,orientation
1275,origin,T,0
1276,original,T,0
1277,orthographic,T,0
1278,oscillation,T,0
1279,other,T,0
1280,others,T,other
1281,outcome,T,0
1282,outline,T,0
1283,outlined,T,outline
1284,output,T,0
1285,overall,T,0
1286,overcome,T,0
1287,overlap,T,0
1288,overlapping,T,overlap
1289,overview,T,0
1290,pair,T,0
1291,paper,F,0
1292,paradigm,T,0
1293,paradigmatic,T,paradigm
1294,paradox,T,0
1295,parallel,T,0
1296,parameter,T,0
1297,parietal,T,0
1298,part,T,0
1299,partial,T,0
1300,participant,T,0
1301,participate,T,0
1302,participation,T,participate
1303,participatory,T,0
1304,particular,T,0
1305,passive,T,0
1306,past,T,0
1307,path,T,0
1308,pathway,T,0
1309,patient,T,0
1310,pattern,T,0
1311,pedagogy,T,0
1312,people,T,0
1313,perceive,T,perception
1314,perceived,T,perception
1315,perceiver,T,perception
1316,perceiving,T,perception
1317,perception,T,0
1318,perceptionaction,T,0
1319,perceptual,T,perception
1320,perceptualmotor,T,0
1321,perfect,T,0
1322,perform,T,0
1323,performance,T,perform
1324,performed,T,perform
1325,performer,T,perform
1326,performing,T,perform
1327,performs,T,perform
1328,period,T,0
1329,peripheral,T,0
1330,permit,T,0
1331,person,T,0
1332,personality,T,0
1333,perspective,T,0
1334,phase,T,0
1335,phenomenal,T,0
1336,phenomenological,T,phenomenology
1337,phenomenology,T,0
1338,phenomenon,T,0
1339,philosopher,T,philosophy
1340,philosophical,T,philosophy
1341,philosophy,T,0
1342,phonological,T,phonology
1343,phonology,T,0
1344,phrase,T,0
1345,physic,T,0
1346,physical,T,0
1347,physician,T,0
1348,physiological,T,0
1349,piaget,T,0
1350,picture,T,0
1351,place,T,0
1352,placed,T,place
1353,plan,T,0
1354,planning,T,0
1355,plasticity,T,0
1356,plausibility,T,plausible
1357,plausible,T,0
1358,plaut,T,0
1359,play,T,0
1360,playing,T,play
1361,point,T,0
1362,poor,T,0
1363,popular,T,0
1364,population,T,0
1365,posed,T,0
1366,posit,T,0
1367,position,T,0
1368,positive,T,0
1369,posse,T,0
1370,possibility,T,possible
1371,possible,T,0
1372,posterior,T,0
1373,postulate,T,0
1374,posture,T,0
1375,potential,T,0
1376,power,T,0
1377,powerful,T,power
1378,practical,T,0
1379,practice,T,0
1380,practitioner,T,0
1381,pragmatic,T,0
1382,preceded,T,0
1383,precise,T,0
1384,precision,T,0
1385,predict,T,prediction
1386,predicted,T,prediction
1387,predicting,T,prediction
1388,prediction,T,0
1389,predictive,T,prediction
1390,predicts,T,prediction
1391,prefrontal,T,0
1392,premise,T,0
1393,premotor,T,0
1394,presence,T,0
1395,present,T,0
1396,presentation,T,present
1397,presented,T,present
1398,presenting,T,present
1399,press,T,0
1400,pressure,T,0
1401,previous,T,0
1402,primary,T,0
1403,primate,T,0
1404,prime,T,0
1405,priming,T,0
1406,principle,T,0
1407,prior,T,0
1408,priori,T,0
1409,probabilistic,T,0
1410,probability,T,0
1411,probe,T,0
1412,problem,T,0
1413,problematic,T,0
1414,problemolving,T,0
1415,procedural,T,0
1416,procedure,T,0
1417,process,T,0
1418,processed,T,process
1419,processing,T,0
1420,produce,T,0
1421,produced,T,produce
1422,producing,T,produce
1423,product,T,0
1424,production,T,product
1425,profile,T,0
1426,program,T,0
1427,progress,T,0
1428,progressive,T,0
1429,project,T,0
1430,projection,T,0
1431,prominent,T,0
1432,promise,T,0
1433,promising,T,promise
1434,pronunciation,T,0
1435,proper,T,0
1436,property,T,0
1437,proportion,T,0
1438,proposal,T,propose
1439,propose,T,0
1440,proposed,T,propose
1441,proposes,T,propose
1442,proposition,T,0
1443,prospect,T,0
1444,prospective,T,prospect
1445,provide,T,0
1446,provided,T,provide
1447,provides,T,provide
1448,providing,T,provide
1449,psycholinguistics,T,0
1450,psychological,T,psychology
1451,psychologist,T,psychology
1452,psychology,T,0
1453,published,F,0
1454,purpose,T,0
1455,qualitative,T,0
1456,quality,T,0
1457,quantitative,T,0
1458,question,T,0
1459,radical,T,0
1460,raise,T,0
1461,raised,T,raise
1462,random,T,0
1463,range,T,0
1464,ranging,T,0
1465,rapid,T,0
1466,rare,T,0
1467,rate,T,0
1468,rating,T,rate
1469,rational,T,0
1470,rationality,T,rational
1471,reach,T,0
1472,reached,T,reach
1473,reaching,T,reach
1474,reaction,T,0
1475,read,T,0
1476,reader,T,read
1477,reading,T,read
1478,real,T,0
1479,realistic,T,0
1480,reality,T,0
1481,realization,T,realize
1482,realize,T,0
1483,realized,T,realize
1484,realtime,T,0
1485,realworld,T,0
1486,reason,T,0
1487,reasonable,T,reason
1488,reasoning,T,reason
1489,recall,T,0
1490,received,T,0
1491,recent,T,0
1492,reciprocal,T,0
1493,recognition,T,recognize
1494,recognize,T,0
1495,reconcile,T,0
1496,record,T,0
1497,recorded,T,record
1498,recording,T,record
1499,recovery,T,0
1500,recurrent,T,0
1501,reduce,T,0
1502,reduced,T,reduce
1503,reducing,T,reduce
1504,reduction,T,reduce
1505,refer,T,0
1506,reference,T,refer
1507,referred,T,refer
1508,refers,T,refer
1509,refinement,T,0
1510,reflect,T,0
1511,reflected,T,reflect
1512,reflective,T,reflect
1513,reflects,T,reflect
1514,regard,T,0
1515,regarded,T,regard
1516,regarding,T,regard
1517,regardless,F,0
1518,region,T,0
1519,regression,T,0
1520,regular,T,0
1521,regularity,T,regular
1522,regulate,T,0
1523,regulation,T,regulate
1524,reinforcement,T,0
1525,reject,T,0
1526,rejected,T,reject
1527,rejection,T,reject
1528,relate,T,0
1529,related,T,relate
1530,relates,T,relate
1531,relating,T,relate
1532,relation,T,0
1533,relational,T,relation
1534,relationship,T,relation
1535,relative,T,0
1536,relevance,T,0
1537,relevant,T,relevance
1538,reliable,T,0
1539,reliance,T,rely
1540,relies,T,rely
1541,rely,T,0
1542,remain,T,0
1543,remaining,T,remain
1544,remains,T,remain
1545,remedy,T,0
1546,repeated,T,0
1547,repertoire,T,0
1548,repetition,T,0
1549,replicated,T,0
1550,report,T,0
1551,reported,T,report
1552,represent,T,0
1553,representation,T,represent
1554,representational,T,represent
1555,representative,T,represent
1556,represented,T,represent
1557,representing,T,represent
1558,represents,T,represent
1559,require,T,0
1560,required,T,require
1561,requirement,T,require
1562,requires,T,require
1563,requiring,T,require
1564,research,T,0
1565,researcher,T,research
1566,reserved,T,0
1567,resolution,T,0
1568,resonance,T,0
1569,resource,T,0
1570,respect,T,0
1571,respective,T,0
1572,respond,T,response
1573,responded,T,response
1574,responding,T,response
1575,response,T,0
1576,responsible,T,0
1577,rest,T,0
1578,result,T,0
1579,resulting,T,result
1580,retrieval,T,0
1581,retrieving,T,retrieval
1582,reveal,T,0
1583,revealed,T,reveal
1584,revealing,T,reveal
1585,reveals,T,reveal
1586,review,T,0
1587,reviewed,T,review
1588,reward,T,0
1589,rhythm,T,0
1590,rhythmic,T,rhythm
1591,rich,T,0
1592,right,T,0
1593,rigorous,T,0
1594,rise,T,0
1595,risk,T,0
1596,robot,T,0
1597,robotic,T,robot
1598,robotics,T,robot
1599,robust,T,0
1600,role,T,0
1601,room,T,0
1602,root,T,0
1603,rooted,T,root
1604,route,T,0
1605,routine,T,0
1606,rule,T,0
1607,rulebased,T,0
1608,rulegoverned,T,0
1609,rumelhart,T,0
1610,safety,T,0
1611,same,T,0
1612,sample,T,0
1613,sampling,T,sample
1614,satisfy,T,0
1615,scale,T,0
1616,scaling,T,scale
1617,scene,T,0
1618,schema,T,scheme
1619,scheme,T,0
1620,school,T,0
1621,science,T,0
1622,scientific,T,science
1623,scientist,T,science
1624,scope,T,0
1625,score,T,0
1626,search,T,0
1627,second,T,0
1628,secondary,T,0
1629,section,F,0
1630,seek,T,0
1631,seeking,T,seek
1632,seem,T,0
1633,seems,T,seem
1634,seen,T,0
1635,seidenberg,T,0
1636,select,T,0
1637,selected,T,select
1638,selecting,T,select
1639,selection,T,select
1640,selective,T,select
1641,self,T,0
1642,selforganization,T,0
1643,selforganizing,T,selforganization
1644,semantic,T,0
1645,semantics,T,semantic
1646,sens,T,0
1647,sensation,T,0
1648,sense,T,0
1649,sensemaking,T,0
1650,sensitive,T,0
1651,sensitivity,T,sensitive
1652,sensorimotor,T,0
1653,sensory,T,0
1654,sentence,T,0
1655,separate,T,0
1656,sequence,T,0
1657,sequential,T,sequence
1658,serf,T,0
1659,serial,T,0
1660,series,T,0
1661,serious,T,0
1662,serve,T,0
1663,service,T,0
1664,session,T,0
1665,setting,T,0
1666,several,T,0
1667,shape,T,0
1668,shaped,T,shape
1669,share,T,0
1670,shared,T,share
1671,sharing,T,share
1672,shed,T,0
1673,shift,T,0
1674,shifting,T,shift
1675,short,T,0
1676,shortcoming,T,0
1677,shortterm,T,0
1678,show,T,0
1679,showed,T,show
1680,showing,T,show
1681,shown,T,show
1682,side,T,0
1683,sign,T,0
1684,signal,T,0
1685,significance,T,0
1686,significant,T,significance
1687,similar,T,0
1688,similarity,T,similar
1689,simple,T,0
1690,simpler,T,simple
1691,simplified,T,simple
1692,simulate,T,simulation
1693,simulated,T,simulation
1694,simulates,T,simulation
1695,simulating,T,simulation
1696,simulation,T,simulation
1697,single,T,0
1698,site,T,0
1699,situated,T,situation
1700,situation,T,0
1701,situational,T,situation
1702,size,T,0
1703,sketch,T,0
1704,skill,T,0
1705,skilled,T,skill
1706,skillful,T,skill
1707,small,T,0
1708,soar,T,0
1709,socalled,T,0
1710,social,T,0
1711,sociality,T,social
1712,society,T,0
1713,sociocultural,T,0
1714,soft,T,0
1715,solution,T,0
1716,solve,T,0
1717,solved,T,solve
1718,solving,T,solve
1719,something,T,0
1720,sophisticated,T,0
1721,sound,T,0
1722,source,T,0
1723,space,T,0
1724,span,T,0
1725,spatial,T,0
1726,speak,T,0
1727,speaker,T,speak
1728,special,T,0
1729,specialized,T,special
1730,specie,T,0
1731,specific,T,0
1732,specification,T,specific
1733,specificity,T,specific
1734,specified,T,specify
1735,specify,T,0
1736,specifying,T,specify
1737,spectrum,T,0
1738,speech,T,0
1739,speed,T,0
1740,spontaneous,T,0
1741,sport,T,0
1742,stability,T,0
1743,stabilize,T,stability
1744,stable,T,0
1745,stage,T,0
1746,stance,T,0
1747,standard,T,0
1748,start,T,0
1749,starting,T,start
1750,state,T,0
1751,static,T,0
1752,statistic,T,0
1753,statistical,T,statistic
1754,status,T,0
1755,stem,T,0
1756,step,T,0
1757,stimulation,T,0
1758,stimulus,T,0
1759,stochastic,T,0
1760,stop,T,0
1761,store,T,0
1762,stored,T,store
1763,story,T,0
1764,strategy,T,0
1765,stream,T,0
1766,strength,T,0
1767,stress,T,0
1768,string,T,0
1769,strong,T,0
1770,stroop,T,0
1771,structural,T,structure
1772,structure,T,0
1773,structured,T,structure
1774,student,T,0
1775,studied,T,study
1776,study,T,0
1777,studying,T,study
1778,subject,T,0
1779,subjective,T,0
1780,suboptimal,T,0
1781,subsequent,T,0
1782,subserve,T,0
1783,substantial,T,0
1784,substrate,T,0
1785,subsymbolic,T,0
1786,subtle,T,0
1787,success,T,0
1788,successful,T,success
1789,such,T,0
1790,sufficient,T,0
1791,suggest,T,0
1792,suggested,T,suggest
1793,suggesting,T,suggest
1794,suggestion,T,suggest
1795,suggests,T,suggest
1796,suitable,T,0
1797,summary,T,0
1798,superior,T,0
1799,support,T,0
1800,supported,T,support
1801,supporting,T,support
1802,surface,T,0
1803,surrounding,T,0
1804,survey,T,0
1805,sustained,T,0
1806,switching,T,0
1807,symbol,F,0
1808,symbolic,F,0
1809,symptom,T,0
1810,synaptic,T,0
1811,synchronization,T,0
1812,synergy,T,0
1813,syntactic,T,syntax
1814,syntax,T,0
1815,synthesis,T,0
1816,system,T,0
1817,systematic,T,system
1818,systemic,T,0
1819,take,T,0
1820,taken,T,take
1821,taking,T,take
1822,talk,T,0
1823,target,T,0
1824,task,T,0
1825,taxonomy,T,0
1826,teacher,T,0
1827,teaching,T,0
1828,team,T,0
1829,teamwork,T,team
1830,technical,T,0
1831,technique,T,0
1832,technological,T,technology
1833,technology,T,0
1834,temporal,T,0
1835,tendency,T,0
1836,tense,T,0
1837,term,T,0
1838,termed,T,term
1839,test,T,0
1840,tested,T,test
1841,testing,T,test
1842,text,T,0
1843,theme,T,0
1844,theoretical,T,theory
1845,theorist,T,theory
1846,theorizing,T,theory
1847,theory,T,0
1848,therefore,F,0
1849,thesis,T,0
1850,thing,T,0
1851,think,T,0
1852,thinking,T,think
1853,third,T,0
1854,thought,T,think
1855,thoughtrational,T,0
1856,tied,T,0
1857,time,T,0
1858,timing,T,0
1859,took,T,0
1860,tool,T,0
1861,topdown,T,0
1862,topic,T,0
1863,total,T,0
1864,touch,T,0
1865,towards,T,0
1866,tower,T,0
1867,trace,T,0
1868,tracking,T,0
1869,tradeoff,T,0
1870,tradition,T,0
1871,traditional,T,tradition
1872,trained,T,training
1873,training,T,0
1874,trait,T,0
1875,trajectory,T,0
1876,transfer,T,0
1877,transform,T,0
1878,transformation,T,transform
1879,transient,T,0
1880,transition,T,0
1881,transmission,T,0
1882,treat,T,0
1883,treatment,T,0
1884,trend,T,0
1885,trial,T,0
1886,TRUE,F,0
1887,trying,T,0
1888,turn,T,0
1889,type,T,0
1890,typical,T,0
1891,ubiquitous,T,0
1892,unable,T,0
1893,uncertainty,T,0
1894,unclear,T,0
1895,unconscious,T,0
1896,uncover,T,0
1897,underlie,T,0
1898,underlying,T,underlie
1899,underpin,T,0
1900,underpinnings,T,underpin
1901,understand,T,0
1902,understanding,T,understand
1903,understood,T,understand
1904,unfolding,T,0
1905,unification,T,0
1906,unified,T,unification
1907,unifying,T,unification
1908,unique,T,0
1909,unit,T,0
1910,unitary,T,unit
1911,universal,T,0
1912,university,T,0
1913,update,T,0
1914,updating,T,update
1915,used,T,0
1916,useful,T,0
1917,usefulness,T,useful
1918,user,T,0
1919,using,T,0
1920,usual,T,0
1921,utility,T,0
1922,utterance,T,0
1923,valid,T,0
1924,validity,T,valid
1925,valuable,T,value
1926,value,T,0
1927,varela,T,0
1928,variability,T,variable
1929,variable,T,0
1930,variance,T,0
1931,variant,T,0
1932,variation,T,0
1933,varied,T,vary
1934,variety,T,0
1935,various,T,0
1936,vary,T,0
1937,varying,T,vary
1938,vector,T,0
1939,vehicle,T,0
1940,ventral,T,0
1941,verb,T,0
1942,verbal,T,0
1943,version,T,0
1944,versus,T,0
1945,viable,T,0
1946,video,T,0
1947,view,T,0
1948,viewed,T,view
1949,viewpoint,T,0
1950,virtual,T,0
1951,vision,T,0
1952,visual,T,0
1953,vocabulary,T,0
1954,volume,T,0
1955,walk,T,0
1956,wave,T,0
1957,weak,T,0
1958,weakness,T,weak
1959,weight,T,0
1960,were,F,0
1961,whereas,F,0
1962,whole,T,0
1963,wide,T,0
1964,wider,T,wide
1965,widespread,T,0
1966,word,T,0
1967,work,T,0
1968,working,T,work
1969,world,T,0
1970,writing,T,0
1971,year,T,0
1972,yield,T,0
1973,yielded,T,yield
1974,young,T,0
